Name,Country,Exchange,Description,Last Price,52 week range,Url
123fahrschule SE,Germany, Xetra ," 123fahrschule SE operates as an information technology supported driving school chain. It focuses on e-learning and digitalized driver's license training. The company was founded in 2016 and is headquartered in Cologne, Germany. ",11.40,10.80 - 14.00,https://www.wsj.com/market-data/quotes/XE/XETR/123F/company-people
1111 Exploration Corp.,Canadian Securities Exchange,,,0.05,0.05 - 0.15,https://www.wsj.com/market-data/quotes/CA/XCNQ/ELVN/company-people
11 88 0 Solutions AG,Germany, Xetra ,,1.59,1.46 - 1.82,https://www.wsj.com/market-data/quotes/XE/XETR/TGT/company-people
10x Genomics Inc.,US, Nasdaq,,67.03,65.15 - 208.99,https://www.wsj.com/market-data/quotes/TXG/company-people
12 Retech Corp.,US, OTC,,0.0002,0.0001 - 0.016,https://www.wsj.com/market-data/quotes/RETC/company-people
11 Bit Studios S.A.,Poland, Warsaw,,495.60,395.20 - 589.00,https://www.wsj.com/market-data/quotes/PL/XWAR/11B/company-people
10X Capital Venture Acquisition Corp. III,US, NYSE," 10x Capital Venture Acquisition Corp. III is a blank check company whose business purpose is to effect a merger, share exchange, asset acquisition, share purchase, reorganization or similar business combination with one or more businesses or entities. The company was founded on February 10, 2021 and is headquartered in New York, NY. ",10.08,9.96 - 10.10,https://www.wsj.com/market-data/quotes/VCXB.UT/company-people
111 Inc. ADR,US, Nasdaq,,2.43,2.23 - 19.74,https://www.wsj.com/market-data/quotes/YI/company-people
11 Bit Studios S.A.,Germany, Frankfurt ,,103.20,86.35 - 126.40,https://www.wsj.com/market-data/quotes/DE/XFRA/11C/company-people
01 Communique Laboratory Inc.,Canada, TSX Venture,,0.24,0.20 - 0.41,https://www.wsj.com/market-data/quotes/CA/XTSX/ONE/company-people
10X Capital Venture Acquisition Corp. III Wt,US, NYSE," 10x Capital Venture Acquisition Corp. III is a blank check company whose business purpose is to effect a merger, share exchange, asset acquisition, share purchase, reorganization or similar business combination with one or more businesses or entities. The company was founded on February 10, 2021 and is headquartered in New York, NY. ",0.20,0.17 - 0.35,https://www.wsj.com/market-data/quotes/VCXB.WT/company-people
104 Corp.,Taiwan,,,193.00,158.50 - 201.00,https://www.wsj.com/market-data/quotes/TW/XTAI/3130/company-people
10X Capital Venture Acquisition Corp. II Un,US, Nasdaq," 10x Capital Venture Acquisition Corp. II is a blank check company whose business purpose is to effect a merger, share exchange, asset acquisition, share purchase, reorganization or similar business combination with one or more businesses or entities. The company was founded on February 10, 2021 and is headquartered in New York, NY. ",10.12,9.86 - 13.09,https://www.wsj.com/market-data/quotes/VCXAU/company-people
10X Capital Venture Acquisition Corp. II Wt,US, Nasdaq," 10x Capital Venture Acquisition Corp. II is a blank check company whose business purpose is to effect a merger, share exchange, asset acquisition, share purchase, reorganization or similar business combination with one or more businesses or entities. The company was founded on February 10, 2021 and is headquartered in New York, NY. ",1.04,0.70 - 4.40,https://www.wsj.com/market-data/quotes/VCXAW/company-people
5th Planet Games A/S,Norway, Oslo," 5th Planet Games A/S engages in the development of mobile games. It offers games for children and adults. The company was founded by Henrik Jørgen Skouboe Kølle on April 13, 2011 and is headquartered in Copenhagen, Denmark. ",1.00,0.74 - 1.55,https://www.wsj.com/market-data/quotes/NO/XOSL/5PG/company-people
10X Capital Venture Acquisition Corp. III Cl A,US, NYSE," 10x Capital Venture Acquisition Corp. III is a blank check company whose business purpose is to effect a merger, share exchange, asset acquisition, share purchase, reorganization or similar business combination with one or more businesses or entities. The company was founded on February 10, 2021 and is headquartered in New York, NY. ",9.91,9.87 - 9.96,https://www.wsj.com/market-data/quotes/VCXB/company-people
5N Plus Inc.,US, OTC," 5N Plus, Inc. engages in producing of chemicals and engineered materials. It operates through the following segments: Electronic Materials and Eco-Friendly Materials. The Electronic Materials segment manufactures and sells products which are used in applications such as security, aerospace, sensing, imaging, renewable energy and various technical industries. The Eco-Friendly Materials segment manufactures and sells products which are used in applications such as pharmaceutical, healthcare, animal feed additive, catalytic and extractive, as well as various industrial materials. The company was founded by Jacques L'Écuyer and Marc Suys on June 1, 2000 and is headquartered in Montreal, Canada. ",1.638,1.638 - 3.85,https://www.wsj.com/market-data/quotes/FPLSF/company-people
5Paisa Capital Ltd.,India, Bombay," 5paisa Capital Ltd. engages in stock broking and fund based activities. It also offers a range of financial services such as securities trading, fintech solutions, and online Robo-advisory service. The company was founded on July 10, 2007 and is headquartered in Thane, India. ",307.35,243.75 - 577.40,https://www.wsj.com/market-data/quotes/IN/XBOM/540776/company-people
10X Capital Venture Acquisition Corp. II Cl A,US, Nasdaq," 10x Capital Venture Acquisition Corp. II is a blank check company whose business purpose is to effect a merger, share exchange, asset acquisition, share purchase, reorganization or similar business combination with one or more businesses or entities. The company was founded on February 10, 2021 and is headquartered in New York, NY. ",9.8201,9.57 - 10.88,https://www.wsj.com/market-data/quotes/VCXA/company-people
5:01 Acquisition Corp.,US, Nasdaq," 5:01 Acquisition Corp. is a blank check emerging growth company that was formed for the purpose of effecting a merger, capital stock exchange, asset acquisition, stock purchase, reorganization or similar business combination with one or more businesses. The company was founded on August 31, 2020 and is headquartered in San Francisco, CA. ",9.83,9.285 - 10.30,https://www.wsj.com/market-data/quotes/FVAM/company-people
5I5J Holding Group Co. Ltd. A,China, Shenzhen,,2.97,2.81 - 5.24,https://www.wsj.com/market-data/quotes/CN/XSHE/000560/company-people
577 Investment Corp.,Ho Chi Minh Stock Exchange,,,"31,850","17,656 - 59,700",https://www.wsj.com/market-data/quotes/VN/XSTC/NBB/company-people
5N Plus Inc.,Canada, Toronto," 5N Plus, Inc. engages in producing of chemicals and engineered materials. It operates through the following segments: Electronic Materials and Eco-Friendly Materials. The Electronic Materials segment manufactures and sells products which are used in applications such as security, aerospace, sensing, imaging, renewable energy and various technical industries. The Eco-Friendly Materials segment manufactures and sells products which are used in applications such as pharmaceutical, healthcare, animal feed additive, catalytic and extractive, as well as various industrial materials. The company was founded by Jacques L'Écuyer and Marc Suys on June 1, 2000 and is headquartered in Montreal, Canada. ",2.11,2.04 - 4.79,https://www.wsj.com/market-data/quotes/CA/XTSE/VNP/company-people
51 Credit Card Inc.,Hong Kong,,,0.43,0.405 - 1.72,https://www.wsj.com/market-data/quotes/HK/XHKG/2051/company-people
55 North Mining Inc.,Canadian Securities Exchange,," 55 North Mining, Inc. engages in the exploration and development of mineral properties in the Timmins region. The firm holds an interest in Timmins South properties, Timmins North properties, and other properties. The company was founded by R. Dale Ginn and Hugh Wynne on December 5, 2008 and is headquartered in Toronto, Canada. ",0.05,0.04 - 0.18,https://www.wsj.com/market-data/quotes/CA/XCNQ/FFF/company-people
51job Inc. ADR,US, Nasdaq," 51job, Inc. is a holding company that engages in provision of human resource services. It offers services in the areas of recruitment solutions, training & assessment, and human resources outsourcing, business process outsourcing, professional assessment, executive search and compensation analysis. The company was founded by Kathleen Chien, Rick Yan, Lei Feng, and Norman Lui in 1998 and is headquartered in Shanghai, China. ",55.955,43.19 - 79.00,https://www.wsj.com/market-data/quotes/JOBS/company-people
92 Energy Ltd.,Australia, Sydney,,0.595,0.215 - 1.15,https://www.wsj.com/market-data/quotes/AU/XASX/92E/company-people
91APP Inc.,Taipei Exchange,,,165.50,145.00 - 427.00,https://www.wsj.com/market-data/quotes/TW/ROCO/6741/company-people
4Sight Holdings Ltd.,South Africa,," 4Sight Holdings Ltd. is an investment holding company, which engages in the provision of Fourth Industrial Revolution (4IR) technologies, people, and data-focused solutions. It operates through the following segments: Business Environment (BE) Cluster, Information Technology (IT) Cluster, Operational Technology (OT) Cluster, and Channel Partner (CP) Cluster. The BE Cluster segment offers digital transformation starting with assessments of customers' information and communications technology (ICT) landscapes. The IT Cluster segment focuses on enabling diogital transformation of enterprise resource planning, accounting, human resources, and payroll disciplines. The OT Cluster segment provides 4IR technologies and services to help industrial customers with their full end-to-end digital transformation. The CP Cluster segment supports a channel of value-added resellers in distributing 4Sight's integrated solutions. The company was founded by Gary Lauryssen and Antonie van Rensburg on June 28, 2017 and is headquartered in Floreal, Mauritius. ",24,19 - 42,https://www.wsj.com/market-data/quotes/ZA/XJSE/4SI/company-people
9Splay Entertainment Technology Co. Ltd.,Taipei Exchange,," 9splay Entertainment Technology Co., Ltd. engages in the development and operation of mobile games. It develops mobile game and video games. The company's products include adventure island 1.0, Kunlun Ruins, Sword & Lovers and other video games. 9splay Entertainment Technology was founded on September 11, 2013 and is headquartered in Taipei, Taiwan. ",20.00,15.30 - 37.65,https://www.wsj.com/market-data/quotes/TW/ROCO/8491/company-people
9 Meters Biopharma Inc.,US, Nasdaq," 9 Meters Biopharma, Inc. is a clinical-stage biopharmaceutical company, which focuses on rare and unmet needs in gastroenterology. Its pipeline includes drug candidates for short bowel syndrome (SBS), celiac disease, and three early-stage candidates for undisclosed rare diseases and/or unmet needs. The company is founded by Jay P. Madan and Kendyle Woodard in 2012 and is headquartered in Raleigh, NC. ",0.5801,0.54 - 1.88,https://www.wsj.com/market-data/quotes/NMTR/company-people
908 Devices Inc.,US, Nasdaq," 908 Devices, Inc. engages in the development of measurement devices for chemical and biochemical analysis. It offers products using mass spectrometry technology, an analytical technique for measuring the mass of charged molecules that is used in chemical analysis laboratories for applications, such as safety and security, food science, biotechnology, clinical diagnostics, and controlling industrial processes. Its products include desktops and handhelds. The company was founded by Kevin J. Knopp, Miller Scott, Steve Araiza, Andrew Bartfay, Michael Jobin, Christopher D. Brown, and Christopher J. Petty in 2012 and is headquartered in Boston, MA. ",18.64,12.60 - 58.20,https://www.wsj.com/market-data/quotes/MASS/company-people
9 Spokes International Ltd.,Australia, Sydney," 9 Spokes International Ltd. engages in the provision of an online, software-as-a-service platform application and store. The firm manages a portal, which businesses can use to aggregate all their different cloud computing applications in one place. It operates through the following geographical segments: Europe, North America, and Asia Pacific. The company was founded by Mark Anthony Estall and Adrian David Grant on September 19, 2011 and is headquartered in Auckland, New Zealand. ",0.006,0.006 - 0.024,https://www.wsj.com/market-data/quotes/AU/XASX/9SP/company-people
8i Acquisition 2 Corp.,US, Nasdaq," 8i Acquisition 2 Corp. is a blank check company. Its purpose is to enter into a merger, share exchange, asset acquisition, share purchase, recapitalization, reorganization or similar business combination with one or more businesses or entities. The company was founded on January 21, 2021 and is headquartered in Singapore. ",10.34,9.96 - 10.75,https://www.wsj.com/market-data/quotes/LAXXU/company-people
8i Acquisition 2 Corp. Rt,US, Nasdaq," 8i Acquisition 2 Corp. is a blank check company. Its purpose is to enter into a merger, share exchange, asset acquisition, share purchase, recapitalization, reorganization or similar business combination with one or more businesses or entities. The company was founded on January 21, 2021 and is headquartered in Singapore. ",0.245,0.12 - 0.3501,https://www.wsj.com/market-data/quotes/LAXXR/company-people
89bio Inc.,US, Nasdaq," 89bio, Inc. operates as a clinical-stage biopharmaceutical company. It focuses on the development and commercialization of innovative therapies for nonalcoholic steatohepatitis (NASH), liver and cardio-metabolic diseases. The firm product candidates and pipeline include BIO89-100, FGF21, NASH, and SHTG. The company was founded on January 01, 2018 and is headquartered in San Francisco, CA. ",3.80,3.49 - 28.28,https://www.wsj.com/market-data/quotes/ETNB/company-people
8i Acquisition 2 Corp.,US, Nasdaq," 8i Acquisition 2 Corp. is a blank check company. Its purpose is to enter into a merger, share exchange, asset acquisition, share purchase, recapitalization, reorganization or similar business combination with one or more businesses or entities. The company was founded on January 21, 2021 and is headquartered in Singapore. ",9.81,9.65 - 9.82,https://www.wsj.com/market-data/quotes/LAX/company-people
8i Acquisition 2 Corp. Wt,US, Nasdaq," 8i Acquisition 2 Corp. is a blank check company. Its purpose is to enter into a merger, share exchange, asset acquisition, share purchase, recapitalization, reorganization or similar business combination with one or more businesses or entities. The company was founded on January 21, 2021 and is headquartered in Singapore. ",0.28,0.10 - 0.80,https://www.wsj.com/market-data/quotes/LAXXW/company-people
8X8 Inc.,US, NYSE," 8x8, Inc. engages in the provision of enterprise communication solutions. It offers solutions to business services, education, financial services, government, healthcare, and manufacturing industries. The company was founded in February 1987 and is headquartered in San Jose, CA. ",11.005,10.89 - 35.75,https://www.wsj.com/market-data/quotes/EGHT/company-people
8Common Ltd.,Australia, Sydney," 8common Ltd. engages in the development and distribution of software solutions. It operates its business through three segments: Performance and Productivity; Realtors8; and Head Office. The Performance and Productivity segment comprises of Expense8 and Perform8. The Realtors8 segment involves a content management system and customer relationship management solution. The Head Office segment covers head office activities. The company was founded by Kah Wui Lim on February 25, 2014 and is headquartered in Sydney, Australia. ",0.145,0.11 - 0.24,https://www.wsj.com/market-data/quotes/AU/XASX/8CO/company-people
8990 Holdings Inc. Pfd.,Philippines, Manila," 8990 Holdings, Inc. engages in the business of mass housing development. It operates through the following business segments: Low-Cost Mass Housing, Medium-Rise Condominium, High-Rise Condominium, and Others. The Low-Cost Mass Housing segment caters to the development and sale of residential lots and units. The Medium-Rise Condominium segment caters to the development and sale of condominium units of up to four storeys, and sale of parking spaces in the condominium. The High-Rise Condominium segment caters to the development and sale of condominium units with more than four storeys, and sale of parking spaces in the condominium. The Others segment include Sale of Developed Subdivision Lots, Hotel Operations, and Lease of Properties. 8990 Holdings was founded by Las N. Yu on July 8, 2005 and is headquartered in Makati, Philippines. ",99.00,98.10 - 102.00,https://www.wsj.com/market-data/quotes/PH/XPHS/8990P/company-people
8990 Holdings Inc.,Philippines, Manila," 8990 Holdings, Inc. engages in the business of mass housing development. It operates through the following business segments: Low-Cost Mass Housing, Medium-Rise Condominium, High-Rise Condominium, and Others. The Low-Cost Mass Housing segment caters to the development and sale of residential lots and units. The Medium-Rise Condominium segment caters to the development and sale of condominium units of up to four storeys, and sale of parking spaces in the condominium. The High-Rise Condominium segment caters to the development and sale of condominium units with more than four storeys, and sale of parking spaces in the condominium. The Others segment include Sale of Developed Subdivision Lots, Hotel Operations, and Lease of Properties. 8990 Holdings was founded by Las N. Yu on July 8, 2005 and is headquartered in Makati, Philippines. ",13.30,7.00 - 14.00,https://www.wsj.com/market-data/quotes/PH/XPHS/HOUSE/company-people
888 Holdings PLC,US, OTC," 888 Holdings Plc engages in the provision of online gaming entertainment and solutions. It operates through Business to Customer and Business to Business segments. The Business to Customer segment offers casino and games, poker, and bingo. The Business to Business segment gives total gaming services under the Dragonfish trading brand. The company was founded by Avi Shaked, Aharon Shaked, Ron Ben-Yitzhak and Shay Ben-Yitzhak in May 1997 and is headquartered in Gibraltar. ",2.54,2.50 - 6.75,https://www.wsj.com/market-data/quotes/EIHDF/company-people
888 Holdings PLC,Germany, Frankfurt ," 888 Holdings Plc engages in the provision of online gaming entertainment and solutions. It operates through Business to Customer and Business to Business segments. The Business to Customer segment offers casino and games, poker, and bingo. The Business to Business segment gives total gaming services under the Dragonfish trading brand. The company was founded by Avi Shaked, Aharon Shaked, Ron Ben-Yitzhak and Shay Ben-Yitzhak in May 1997 and is headquartered in Gibraltar. ",2.20,2.20 - 5.60,https://www.wsj.com/market-data/quotes/DE/XFRA/C8V/company-people
888 Holdings PLC,UK, London," 888 Holdings Plc engages in the provision of online gaming entertainment and solutions. It operates through Business to Customer and Business to Business segments. The Business to Customer segment offers casino and games, poker, and bingo. The Business to Business segment gives total gaming services under the Dragonfish trading brand. The company was founded by Avi Shaked, Aharon Shaked, Ron Ben-Yitzhak and Shay Ben-Yitzhak in May 1997 and is headquartered in Gibraltar. ",187.20,179.80 - 494.00,https://www.wsj.com/market-data/quotes/UK/XLON/888/company-people
88 Energy Ltd.,Australia, Sydney," 88 Energy Ltd. is an oil and gas exploration company, which is engaged in the exploration and development of mineral properties. It holds interest in Icewine project located in Alaska. The company was founded on February 21,1996 and is headquartered in Perth, Australia. ",0.041,0.008 - 0.096,https://www.wsj.com/market-data/quotes/AU/XASX/88E/company-people
88 Energy Ltd.,US, OTC," 88 Energy Ltd. is an oil and gas exploration company, which is engaged in the exploration and development of mineral properties. It holds interest in Icewine project located in Alaska. The company was founded on February 21,1996 and is headquartered in Perth, Australia. ",0.0297,0.007 - 0.0919,https://www.wsj.com/market-data/quotes/EEENF/company-people
88 Energy Ltd.,UK, London," 88 Energy Ltd. is an oil and gas exploration company, which is engaged in the exploration and development of mineral properties. It holds interest in Icewine project located in Alaska. The company was founded on February 21,1996 and is headquartered in Perth, Australia. ",2.25,0.45 - 4.70,https://www.wsj.com/market-data/quotes/UK/XLON/88E/company-people
808 Renewable Energy Corp.,US, OTC," 808 Renewable Energy Corp. owns and operates on-site cogeneration systems that produce energy in the form of electricity, heat, hot water and chilled water. The company was founded by Patrick S. Carter in 2008 and is headquartered in Phoenix, AZ. ",0.109,0.075 - 0.95,https://www.wsj.com/market-data/quotes/RNWR/company-people
7Road Holdings Ltd.,Hong Kong,," 7Road Holdings Ltd. is an investment holding company. It engages in the development and distribution of web games and mobile games. The company is an online game developer and operator. It develops an online games such as Island Story, Mythic Glory, Crouching Tiger, Dami-Gods and Semi Devils, DDTank, and Wartune. The company was founded on September 6, 2017 and is headquartered in Shenzhen, China. ",2.60,2.27 - 2.90,https://www.wsj.com/market-data/quotes/HK/XHKG/797/company-people
7NR Retail Ltd.,India, Bombay,,20.25,5.31 - 27.95,https://www.wsj.com/market-data/quotes/IN/XBOM/540615/company-people
7Seas Entertainment Ltd.,India, Bombay," 7Seas Entertainment Ltd. engages in the development of gaming software. It offers online, mobile, and PC games, and Facebook apps. The firm also operates online gaming portals, which include onlinerealgames.com, 7seasmedia.com, neodelight.com, and mobizill.com. The company was founded on August 14, 1991 and is headquartered in Hyderabad, India. ",18.65,8.31 - 31.15,https://www.wsj.com/market-data/quotes/IN/XBOM/540874/company-people
7GC & Co. Holdings Inc. Wt,US, Nasdaq," 7GC & Co. Holdings, Inc. operates as a blank check company. It is formed for the purpose of effecting a merger, capital stock exchange, asset acquisition, stock purchase, reorganization or similar business combination with one or more businesses for its initial business. The company was founded by Steffen Pauls and Jack Leeney on September 18, 2020 and is headquartered in San Francisco, CA. ",0.20,0.20 - 1.25,https://www.wsj.com/market-data/quotes/VIIAW/company-people
7Levels S.A.,Poland, Warsaw," 7LEVELS SA engages in the development, testing, and distribution of video games. It offers games for Nintendo consoles as well as from mobile operating systems. Its projects include Castle of Heart for Nintendo Switch. The company was founded by Pawel Biela and Krzysztof Krol on October 31, 2014 and is headquartered in Krakow, Poland. ",20.80,16.70 - 33.00,https://www.wsj.com/market-data/quotes/PL/XWAR/7LV/company-people
7GC & Co. Holdings Inc. Cl A,US, Nasdaq," 7GC & Co. Holdings, Inc. operates as a blank check company. It is formed for the purpose of effecting a merger, capital stock exchange, asset acquisition, stock purchase, reorganization or similar business combination with one or more businesses for its initial business. The company was founded by Steffen Pauls and Jack Leeney on September 18, 2020 and is headquartered in San Francisco, CA. ",9.79,9.61 - 10.10,https://www.wsj.com/market-data/quotes/VII/company-people
7GC & Co. Holdings Inc.,US, Nasdaq," 7GC & Co. Holdings, Inc. operates as a blank check company. It is formed for the purpose of effecting a merger, capital stock exchange, asset acquisition, stock purchase, reorganization or similar business combination with one or more businesses for its initial business. The company was founded by Steffen Pauls and Jack Leeney on September 18, 2020 and is headquartered in San Francisco, CA. ",9.92,9.79 - 10.58,https://www.wsj.com/market-data/quotes/VIIAU/company-people
7FIT S.A.,Poland, Warsaw," 7FIT SA is engages in the sale and distribution of nutritional and dietary supplements. Its products include boosters, stimulants, protein supplements, gainers, dietary carbohydrates, and fat burners. It offers such brands as 7Nutrition, Formotiva, RealPharm, Lab One, and Activlab. The company was founded on April 1, 2006 by Michal Wasilewski and is headquartered in Wroclaw, Poland. ",3.46,3.16 - 5.50,https://www.wsj.com/market-data/quotes/PL/XWAR/7FT/company-people
7-Eleven Malaysia Holdings Bhd,Malaysia,," 7-Eleven Malaysia Holdings Bhd. engages in franchising of convenience stores and real property investments. It operates through the following segments: Convenience Stores, Pharmaceutical, and Others. The Convenience Stores segment offers grocery and food items including hot food and beverages and manages the distribution of reloads of mobile phone, Touch 'n Go, online game, and bill payment services. The Pharmaceutical segment deals with operating a chain of pharmacies under the Caring brand name, which retails pharmaceutical, healthcare, and personal care products. The Others segment consist of investment holding and real property investments. The company was founded on June 4, 1984 and is headquartered in Kuala Lumpur, Malaysia. ",1.46,1.21 - 1.65,https://www.wsj.com/market-data/quotes/MY/XKLS/5250/company-people
7C Solarparken AG,UK, London," 7C Solarparken AG engages in the provision of construction and installation of solar power plants. It also offers side services including external contract for technical and commercial services. The company was founded on January 22, 1999 and is headquartered in Bayreuth, Germany. ",2.56,3.66 - 4.51,https://www.wsj.com/market-data/quotes/UK/XLON/0QV6/company-people
786 Investment Ltd.,Pakistan Stock Exchange,,,6.51,6.01 - 12.90,https://www.wsj.com/market-data/quotes/PK/XKAR/786/company-people
79 Resources Ltd.,Canadian Securities Exchange,," 79 Resources Ltd. engages in the mineral exploration and the acquisition of mineral property assets in Canada. Its objective is to locate and develop economic precious and base metal properties of merit and to conduct its exploration program on the Louise Lake Property. The company was founded on April 17, 2019 and is headquartered in Vancouver, Canada. ",0.06,0.06 - 0.15,https://www.wsj.com/market-data/quotes/CA/XCNQ/SNR/company-people
7C Solarparken AG,Germany, Xetra ," 7C Solarparken AG engages in the provision of construction and installation of solar power plants. It also offers side services including external contract for technical and commercial services. The company was founded on January 22, 1999 and is headquartered in Bayreuth, Germany. ",4.33,3.65 - 4.54,https://www.wsj.com/market-data/quotes/XE/XETR/HRPK/company-people
79North Inc.,Canadian Securities Exchange,," 79North, Inc. engages in acquisition, exploration and development of gold and other metals properties. It holds interest in Nassau and Sandpiper gold projects. The company was founded on August 15, 2016 and is headquartered in Toronto, Canada. ",0.10,0.08 - 0.16,https://www.wsj.com/market-data/quotes/CA/XCNQ/JQ/company-people
7Digital Group PLC,UK, London," 7digital Group Plc engages in the provision of scalable technical infrastructure and extensive global music rights used to create music streaming and radio services. The firm provides its services to mobile carriers, broadcasters, automotive systems, record labels and retailers. It operates through the following segments: Licensing, Content and Creative. The Licensing segment refers to the creation of software solutions for managing and delivering digital content. The Content segment engages in the sale of digital music direct to consumers. The Creative segment engages in the production of audio and video programming for broadcasters. The company was founded by Simon Cole on June 10, 2014 and is headquartered in London, the United Kingdom. ",0.33,0.26 - 1.93,https://www.wsj.com/market-data/quotes/UK/XLON/7DIG/company-people
7 Acquisition Corp. Wt,US, Nasdaq," 7 Acquisition Corp. operates as a blank check company. The company is headquartered in Stamford, CT. ",0.35,0.35 - 0.62,https://www.wsj.com/market-data/quotes/SVNAW/company-people
727 Communications Inc.,US, OTC,,0.0001,0.0001 - 0.99,https://www.wsj.com/market-data/quotes/SVNJ/company-people
77 Bank Ltd.,Japan, Tokyo," The 77 Bank, Ltd. engages in the provision of banking and financial services. It operates through the following business divisions: Banking, Leasing, and Other. The Banking segment provides customers with banking services including deposit, lending, and exchange. The Leasing segment offers customers with leasing services. The Other segment consists of credit guarantee and credit card businesses. The company was founded on December 9, 1878 and is headquartered in Sendai, Japan. ","1,520","1,125 - 1,736",https://www.wsj.com/market-data/quotes/JP/XTKS/8341/company-people
7 Acquisition Corp.,US, Nasdaq," 7 Acquisition Corp. operates as a blank check company. The company is headquartered in Stamford, CT. ",10.09,10.00 - 10.15,https://www.wsj.com/market-data/quotes/SVNAU/company-people
6V de Valores Mobiliarios S.A.,Spain, Madrid ,,14.582,14.582 - 15.30,https://www.wsj.com/market-data/quotes/ES/MABX/S0010/company-people
63 Moons Technologies Ltd.,India, Bombay," 63 Moons Technologies Ltd. is a holding company, which engages in the provision of computer programming, consultancy, and related services. It operates through the STP Technologies/Solutions and Others segments. The STP Technologies/Solution segment consists of straight through processing solutions and includes an integrated mix of various products, projects and services incidental. The Other segment comprises of trading, procurement, process management, risk consultancy activities, shared business support services, IT infrastructure sharing, NBFC related activities, Internet telecommunication services and training, certification and franchise. The company was founded by Jignesh Prakash Shah and Dewang Neralla on April 12, 1988 and is headquartered in Mumbai, India. ",221.35,68.05 - 373.70,https://www.wsj.com/market-data/quotes/IN/XBOM/526881/company-people
4SC AG,Germany, Xetra ," 4SC AG is a clinical-stage biopharmaceutical company, which engages in the development of small molecule drugs that target key indications in cancer. Its product pipeline includes resminostat and domatinostat. The company was founded by Stefan Busemann, Ulrich Dauer, Klaus-Peter Gulden, and Daniel Vitt in 1997 and is headquartered in Planegg-Martinsried, Germany. ",2.13,2.01 - 10.10,https://www.wsj.com/market-data/quotes/XE/XETR/VSC/company-people
7 Acquisition Corp. Cl A,US, Nasdaq," 7 Acquisition Corp. operates as a blank check company. The company is headquartered in Stamford, CT. ",9.90,9.80 - 9.97,https://www.wsj.com/market-data/quotes/SVNA/company-people
600 Group PLC,UK, London," 600 Group Plc engages in the designing and manufacturing of machine tools and precision engineered components. It operates through the Machine Tools and Precision Engineered Components, and Industrial Laser Systems segments. The Machine Tools and Precision Engineered Components segment offers metal turning and other machine tools and precision component parts. The Industrial Laser Systems segment involves in the provision of solutions which include marking, engraving, and micro-material processing. The company was founded in 1932 and is headquartered in Elland, the United Kingdom. ",13.75,8.50 - 17.00,https://www.wsj.com/market-data/quotes/UK/XLON/SIXH/company-people
4Mass S.A.,Poland, Warsaw, Manufactures and distributes cosmetics ,0.19,0.15 - 0.69,https://www.wsj.com/market-data/quotes/PL/XWAR/4MS/company-people
4imprint Group PLC,UK, London," 4imprint Group Plc engages in the provision of promotional products. It offers custom printed merchandise for advertising purposes. The company was founded on November 23, 1921 and is headquartered in London, the United Kingdom. ","2,705.00","2,152.65 - 3,265.00",https://www.wsj.com/market-data/quotes/UK/XLON/FOUR/company-people
4iG Nyrt.,Hungary, Budapest," 4iG Nyrt engages in the development and adaptation of custom software applications. It operate through the following segments: IT Service, Commerce, and Other Activity. It offers digitalization-vertical solutions, managed services, custom solutions, and IT infrastructure. The company was founded by Vilmos Vaspa in 1990 and is headquartered in Budapest, Hungary. ",770,"588 - 1,134",https://www.wsj.com/market-data/quotes/HU/XBUD/4IG/company-people
4Global PLC,UK, London,,87.50,81.00 - 97.00,https://www.wsj.com/market-data/quotes/UK/XLON/4GBL/company-people
4fun Media S.A.,Poland, Warsaw," 4fun Media SA engages in the provision and management of media content. It operates through the following segments: TV&Digital Content, Digital Out-of-Home, B2B Marketing Services, and E-Commerce. The TV&Digital Content segment operates music television channels. The Digital Out-of-Home segment offers online advertising using digital signage technology. The B2B Marketing Services segment provides marketing and media consulting services. The E-Commerce segment manages online selling platforms with personalized products. The company was founded on September 2, 2003 and is headquartered in Warsaw, Poland. ",8.94,4.89 - 9.50,https://www.wsj.com/market-data/quotes/PL/XWAR/4FM/company-people
4Mobility S.A.,Poland, Warsaw," 4Mobility SA engages in the provision of car sharing services. It operates an online platform and application for short-term automobile lease and smart rental. The company was founded on February 19, 2009 and is headquartered in Warsaw, Poland. ",2.90,2.70 - 7.40,https://www.wsj.com/market-data/quotes/PL/XWAR/4MB/company-people
4Front Ventures Corp.,Canadian Securities Exchange,," 4Front Ventures Corp. operates as a retail and brand development company in the cannabis sector. It operates through the following segments: THC Cannabis and CBD Wellness. The THC Cannabis segment engages in the production and cultivation of THC cannabis, manufacturing and distribution of cannabis products to own dispensaries and third party retail customers, ancillary services supporting wholesale operations, and retail sales direct to end consumers. The CBD Wellness segment engages in pure ratios which encompasses the production and sale of CBD products to third-party customers. The company was founded in 2011 and is headquartered in Phoenix, AZ. ",1.05,0.72 - 1.93,https://www.wsj.com/market-data/quotes/CA/XCNQ/FFNT/company-people
4Front Ventures Corp.,US, OTC," 4Front Ventures Corp. operates as a retail and brand development company in the cannabis sector. It operates through the following segments: THC Cannabis and CBD Wellness. The THC Cannabis segment engages in the production and cultivation of THC cannabis, manufacturing and distribution of cannabis products to own dispensaries and third party retail customers, ancillary services supporting wholesale operations, and retail sales direct to end consumers. The CBD Wellness segment engages in pure ratios which encompasses the production and sale of CBD products to third-party customers. The company was founded in 2011 and is headquartered in Phoenix, AZ. ",0.8194,0.5623 - 1.55,https://www.wsj.com/market-data/quotes/FFNTF/company-people
4DMedical Ltd.,Australia, Sydney," 4DMedical Ltd. is a software technology company, which commercializes four-dimensional lung imaging platform called XV Technology. It develops pipeline products that may assist physicians to more effectively diagnose and manage patients with lung disease, which includes XV ventilation analysis, ventilation perfusion, contrast free pulmonary angiography, small animal ventilator, and preclinical scanner. The company was founded by Andreas Fouras in December 2012 and is headquartered in Melbourne, Australia. ",0.61,0.55 - 2.07,https://www.wsj.com/market-data/quotes/AU/XASX/4DX/company-people
4Front Ventures Corp. Wt,Canadian Securities Exchange,," 4Front Ventures Corp. operates as a retail and brand development company in the cannabis sector. It operates through the following segments: THC Cannabis and CBD Wellness. The THC Cannabis segment engages in the production and cultivation of THC cannabis, manufacturing and distribution of cannabis products to own dispensaries and third party retail customers, ancillary services supporting wholesale operations, and retail sales direct to end consumers. The CBD Wellness segment engages in pure ratios which encompasses the production and sale of CBD products to third-party customers. The company was founded in 2011 and is headquartered in Phoenix, AZ. ",0.22,0.10 - 1.08,https://www.wsj.com/market-data/quotes/CA/XCNQ/FFNT.WT/company-people
4DS Memory Ltd.,Australia, Sydney," 4DS Memory Ltd. operates as a semiconductor development company. It develops non-volatile memory technology, pioneering Interface switching ReRAM, for next generation gigabyte storage class memory in mobile and cloud. The company was founded on 2 March 2007 and was headquartered in West Perth, Australia. ",0.064,0.045 - 0.245,https://www.wsj.com/market-data/quotes/AU/XASX/4DS/company-people
4D pharma PLC Wt,US, Nasdaq," 4D Pharma Plc is a pharmaceutical company, which engages in the development of live bio therapeutics. It focuses on the research of Microbiome, MicroRx, and MicroDx its proprietary platforms for the discovery of novel live bio therapeutics and the development of its pipeline. The company was founded on January 10, 2014 and is headquartered in Leeds, the United Kingdom. ",0.34,0.13 - 1.76,https://www.wsj.com/market-data/quotes/LBPSW/company-people
4D pharma PLC,UK, London," 4D Pharma Plc is a pharmaceutical company, which engages in the development of live bio therapeutics. It focuses on the research of Microbiome, MicroRx, and MicroDx its proprietary platforms for the discovery of novel live bio therapeutics and the development of its pipeline. The company was founded on January 10, 2014 and is headquartered in Leeds, the United Kingdom. ",28.15,24.47 - 152.59,https://www.wsj.com/market-data/quotes/UK/XLON/DDDD/company-people
4D Molecular Therapeutics Inc.,US, Nasdaq," 4D Molecular Therapeutics, Inc. engages in the design, development, and commercialization of transformative gene therapeutic products for serious unmet medical conditions. It offers products for optalmology, cardiology, and pulmonology. The company was founded by David H. Kirn, Melissa Kotterman, Theresa Janke, and David Schaffer on September 12, 2013 and is headquartered in Emeryville, CA. ",15.10,12.835 - 53.05,https://www.wsj.com/market-data/quotes/FDMT/company-people
4Cs HD Co. Ltd.,Japan, Tokyo," 4Cs Holdings Co., Ltd. engages in the mail order business for cosmetics and health food products. It operates through the following business segments: Communication and Sales and Cosmetics Wholesale. The Communication and Sales segment sells cosmetics and health food. The Cosmetics Wholesale segment sells wholesale cosmetics and bath products. The company was founded on December 5, 2003 and is headquartered in Fukuoka, Japan. ",436,415 - 532,https://www.wsj.com/market-data/quotes/JP/XTKS/3726/company-people
4D pharma PLC ADR,US, Nasdaq," 4D Pharma Plc is a pharmaceutical company, which engages in the development of live bio therapeutics. It focuses on the research of Microbiome, MicroRx, and MicroDx its proprietary platforms for the discovery of novel live bio therapeutics and the development of its pipeline. The company was founded on January 10, 2014 and is headquartered in Leeds, the United Kingdom. ",2.9303,2.74 - 15.50,https://www.wsj.com/market-data/quotes/LBPS/company-people
4basebio PLC,UK, London," 4basebio Plc develops gene therapy technologies and solutions. It focuses on the manufacture of synthetic DNA for use in gene therapies. The company manufactures GMP grade synthetic DNA and non-viral nanoparticles for third party customers, and develops the combination of technologies and gene therapy solutions for clinical development and commercialization. 4basebio UK Societas was founded on December 22, 2020 and is headquartered in Cambridge, the United Kingdom. ",495.00,254.00 - 820.00,https://www.wsj.com/market-data/quotes/UK/XLON/4BB/company-people
468 SPAC II SE,Germany, Xetra ,,9.71,9.69 - 10.10,https://www.wsj.com/market-data/quotes/XE/XETR/SPV2/company-people
4AIM SICAF S.p.A.,Italy, Milan," 4AIM SICAF SpA operates as an undertakings for the collective investment in transferable securities company which specializes in developing collective investment schemes for small and medium-sized enterprises in Italy. It specializes as a fixed capital investment company which focuses on financial instrument assets collected through the offer of treasury shares. The company was founded on March 16, 2016 and is headquartered in Milan, Italy. ",325.00,291.00 - 452.00,https://www.wsj.com/market-data/quotes/IT/XMIL/4AIM/company-people
40 Investment & Construction JSC,Hanoi Stock Exchange,," 40 Investment & Construction JSC engages in the provision of construction services. It offers construction of irrigation, pumping stations, civil, industrial, underwater works, underground works, hydropower works, and water supply. The company was founded on February 19, 2001 and is headquartered in Ho Chi Minh City, Vietnam. ","36,900","29,300 - 53,200",https://www.wsj.com/market-data/quotes/VN/HSTC/L40/company-people
420 Property Management Inc.,US, OTC,,0.00,0.00 - 0.002,https://www.wsj.com/market-data/quotes/FTPM/company-people
49 North Resources Inc.,Canada, TSX Venture," 49 North Resources, Inc. is a resource investment company. Its activities include investments in shares and other securities of junior and intermediate mineral and oil & gas exploration companies. The company was founded by Thomas M. MacNeill on July 20, 2005 and is headquartered in Saskatoon, Canada. ",0.04,0.03 - 0.08,https://www.wsj.com/market-data/quotes/CA/XTSX/FNR/company-people
4Cable TV International Inc.,US, OTC," 4Cable TV International, Inc. is a manufacturer of outdoor transmission equipment for the cable and broadband industry. The company's patent-pending innovations offer broadband, phone and digital and cable TV service providers with cost-effective solutions that maximize bandwidth, extend system penetration, and save energy. It owns and operates manufacturing and research facilities in Conway, SC. The company product portfolio includes the DSR, RF2F cable, RFoG, SOLAR-CATV and the PowerMiser. 4Cable TV International was founded by Steven K. Richey and Andrew F. Staniak on November 8, 2007 and is headquartered in Port St Lucie, FL. ",0.0024,0.001 - 0.0384,https://www.wsj.com/market-data/quotes/CATV/company-people
3U Holding AG,Germany, Xetra ," 3U Holding AG is an operating management and investment holding company. It operates through the following segments: Information and Telecommunications Technology (ITC); Renewable Energies; and Sanitary, Heating, and Air Conditioning Technology (SHAC). The ITC segment provides transmission network and switching technology, as well as services related to its data centers. This segment also includes sales from the distribution and operation of cloud-based CRM and ERP solutions as well as from the IT licensing business. The Renewable Energies segment involves the planning and development of projects in the area of renewable energies as well as with the production of electricity with plants. The SHAC segment engages in marketing of products from the sanitary, heating and climatisation technology, as well as from the assembly of components for building air conditioning. The company was founded by Udo Graul, Manfred Schwarz, Michael Schmidt, and Roland Thieme on August 26, 1997 and is headquartered in Marburg, Germany. ",2.68,2.48 - 4.78,https://www.wsj.com/market-data/quotes/XE/XETR/UUU/company-people
4 Less Group Inc.,US, OTC," The 4 Less Group, Inc. operates a flagship and niche websites through which it and its subsidiaries sell auto parts that are direct listed across marketplace and social media sites, including marketing products through online marketplaces and social media platforms. The company was founded on December 30, 2004 and is headquartered in Las Vegas, NV. ",0.90,0.51 - 3.06,https://www.wsj.com/market-data/quotes/FLES/company-people
3P Learning Ltd.,Australia, Sydney," 3P Learning Ltd. engages in the development, sale and marketing of online educational programs. It provides learning resources to schools and parents of school-aged students. The company was founded by Shane Hill and Matthew Sandblom on February 21, 2003 and is headquartered in North Sydney, Australia. ",1.575,1.16 - 1.85,https://www.wsj.com/market-data/quotes/AU/XASX/3PL/company-people
3SBio Inc.,Hong Kong,," 3SBio, Inc. operates as in investment holding company which engages in the development, production, marketing, and sale of biopharmaceutical products. It is used in the field of medicine particularly in nephrology, oncology, supportive cancer care, inflammation, and infectious diseases. The company was founded by Jing Lou and Dan Lou in 1993 and is headquartered in Shenyang, China. ",5.76,5.41 - 12.30,https://www.wsj.com/market-data/quotes/HK/XHKG/1530/company-people
3P Land Holdings Ltd.,India, Bombay," 3P Land Holdings Ltd. engages in the business of real estate leasing. The company was founded on December 31, 1965 and is headquartered in Mumbai, India. ",16.10,8.21 - 26.25,https://www.wsj.com/market-data/quotes/IN/XBOM/516092/company-people
3S Korea Co. Ltd.,S Korea, KRX," 3S KOREA Co., Ltd. engages in the manufacture and sale of semiconductor wafer carrier and environment test equipment. It operates through the Environment Test Equipment and Wafer Carrier business divisions. The Environment Test Equipment business provides calorimeter and environment control system. The Wafer Carrier business offers front opening shipping box, front opening unified pod and open cassette. The company was founded on January 28, 1991 and is headquartered in Seoul, South Korea. ","3,190","2,325 - 4,755",https://www.wsj.com/market-data/quotes/KR/XKRX/060310/company-people
3onedata Co. Ltd. A,China, Shanghai,,45.61,35.62 - 55.21,https://www.wsj.com/market-data/quotes/CN/XSHG/688618/company-people
3S Silicon Tech. Inc.,Taipei Exchange,," 3S Silicon Tech., Inc. principally engages in the research, development, and manufacturing of high-power semiconductor die-bonding equipment for packaging. Its key products include die bonders for power electronics chip packaging. The company was founded on February 4, 1998 and is headquartered in Hsinchu, Taiwan. ",14.50,9.74 - 20.10,https://www.wsj.com/market-data/quotes/TW/ROCO/5297/company-people
3M India Ltd.,India, Bombay," 3M India Ltd. engages in the business of industrial, automotive, electrical, health care, technological, and safety products. It operates through the following segments; Safety and Industrial; Transportation and Electronics; Health Care; and Consumer. The Safety and Industrial segment includes businesses that serve the global industrial, electrical and safety markets. The Health Care segment offers surgical supplies, medical devices, dental and orthodontic products, and drug delivery systems. The Consumer segment markets and sells office supplies such as packaging protection platforms, note pads, tape dispensers, flagging solutions, labels, and tapes under the Scotch brand. The Transportation and Electronics segment includes businesses that serve global transportation and electronic original equipment manufacturer (OEM) customers. The company was founded on July 4, 1987 and is headquartered in Bangalore, India. ","20,031","19,668 - 30,975",https://www.wsj.com/market-data/quotes/IN/XBOM/523395/company-people
3M Co.,Germany, Xetra ," 3M Co. is a technology company, which manufactures industrial, safety, and consumer products. It operates through the following segments: Safety and Industrial, Transportation and Electronics, Health Care, and Consumer. The Safety and Industrial segment consists of personal safety, industrial adhesives and tapes, abrasives, closure and masking systems, electrical markets, automotive aftermarket, and roofing granules. The Transportation and Electronics segment consists of electronics, automotive and aerospace, commercial solutions, advanced materials, and transportation safety. The Health Care segment includes medical and surgical supplies, skin health and infection prevention products, oral care solutions, separation and purification sciences, health information systems, inhalation and transdermal drug delivery systems, and food safety products. The Consumer segment covers consumer healthcare, home care, home improvement, and stationery and office products, such as consumer bandages, braces, supports, respirators, cleaning products, retail abrasives, car care DIY products, picture hanging, and consumer air quality solutions. The company was founded by Henry S. Bryan, Hermon W. Cable, John Dwan, William A. McGonagle and J. Danley Budd in 1902 and is headquartered in St. Paul, MN. ",131.10,125.30 - 173.35,https://www.wsj.com/market-data/quotes/XE/XETR/MMM/company-people
3Peak Inc. A,China, Shanghai," 3peak, Inc. is a holding company that engages in the development and sale of analog IC products. It operates under the signal chain analog chip and power management simulation chip segments. The company was founded by Zhi Xu Zhou and Feng Ying on April 23, 2012 and is headquartered in Shanghai, China. ",658.36,326.00 - 926.99,https://www.wsj.com/market-data/quotes/CN/XSHG/688536/company-people
3M Co.,US, NYSE," 3M Co. is a technology company, which manufactures industrial, safety, and consumer products. It operates through the following segments: Safety and Industrial, Transportation and Electronics, Health Care, and Consumer. The Safety and Industrial segment consists of personal safety, industrial adhesives and tapes, abrasives, closure and masking systems, electrical markets, automotive aftermarket, and roofing granules. The Transportation and Electronics segment consists of electronics, automotive and aerospace, commercial solutions, advanced materials, and transportation safety. The Health Care segment includes medical and surgical supplies, skin health and infection prevention products, oral care solutions, separation and purification sciences, health information systems, inhalation and transdermal drug delivery systems, and food safety products. The Consumer segment covers consumer healthcare, home care, home improvement, and stationery and office products, such as consumer bandages, braces, supports, respirators, cleaning products, retail abrasives, car care DIY products, picture hanging, and consumer air quality solutions. The company was founded by Henry S. Bryan, Hermon W. Cable, John Dwan, William A. McGonagle and J. Danley Budd in 1902 and is headquartered in St. Paul, MN. ",144.32,139.74 - 208.95,https://www.wsj.com/market-data/quotes/MMM/company-people
3M Co.,UK, London,,133.93,112.42 - 158.10,https://www.wsj.com/market-data/quotes/UK/XLON/0QNY/company-people
3i Group PLC,Mexico,," 3i Group Plc operates as a private equity and venture capital company. It operates through the following segments: Private Equity, Infrastructure, and Scandlines. The Private Equity segment involves in the investment and asset management to generate capital returns. The Infrastructure segment includes investing in economic infrastructure and greenfield projects in developed economies. The Scandlines segment involves in delivering long term capital returns. The company was founded in 1945 and is headquartered in London, the United Kingdom. ",328.83,324.28 - 402.55,https://www.wsj.com/market-data/quotes/MX/XMEX/IIIN/company-people
3I Infotech Ltd.,India, Bombay," 3i Infotech Ltd. is a holding company, which engages in the provision of information technology solutions. It operates through the Information Technology Solutions and Transaction Services segments. The Information Technology Solutions segment offers software products and information technology enabled services. The Transaction Services segment comprises of the knowledge processing outsourcing and business processing outsourcing services. The company was founded on October 11, 1993 and is headquartered in Navi Mumbai, India. ",63.60,29.96 - 119.40,https://www.wsj.com/market-data/quotes/IN/XBOM/532628/company-people
3M Co.,Switzerland, SWX ," 3M Co. is a technology company, which manufactures industrial, safety, and consumer products. It operates through the following segments: Safety and Industrial, Transportation and Electronics, Health Care, and Consumer. The Safety and Industrial segment consists of personal safety, industrial adhesives and tapes, abrasives, closure and masking systems, electrical markets, automotive aftermarket, and roofing granules. The Transportation and Electronics segment consists of electronics, automotive and aerospace, commercial solutions, advanced materials, and transportation safety. The Health Care segment includes medical and surgical supplies, skin health and infection prevention products, oral care solutions, separation and purification sciences, health information systems, inhalation and transdermal drug delivery systems, and food safety products. The Consumer segment covers consumer healthcare, home care, home improvement, and stationery and office products, such as consumer bandages, braces, supports, respirators, cleaning products, retail abrasives, car care DIY products, picture hanging, and consumer air quality solutions. The company was founded by Henry S. Bryan, Hermon W. Cable, John Dwan, William A. McGonagle and J. Danley Budd in 1902 and is headquartered in St. Paul, MN. ",134.00,130.00 - 190.00,https://www.wsj.com/market-data/quotes/CH/XSWX/MMM/company-people
3M Co.,Chile, Santiago," 3M Co. is a technology company, which manufactures industrial, safety, and consumer products. It operates through the following segments: Safety and Industrial, Transportation and Electronics, Health Care, and Consumer. The Safety and Industrial segment consists of personal safety, industrial adhesives and tapes, abrasives, closure and masking systems, electrical markets, automotive aftermarket, and roofing granules. The Transportation and Electronics segment consists of electronics, automotive and aerospace, commercial solutions, advanced materials, and transportation safety. The Health Care segment includes medical and surgical supplies, skin health and infection prevention products, oral care solutions, separation and purification sciences, health information systems, inhalation and transdermal drug delivery systems, and food safety products. The Consumer segment covers consumer healthcare, home care, home improvement, and stationery and office products, such as consumer bandages, braces, supports, respirators, cleaning products, retail abrasives, car care DIY products, picture hanging, and consumer air quality solutions. The company was founded by Henry S. Bryan, Hermon W. Cable, John Dwan, William A. McGonagle and J. Danley Budd in 1902 and is headquartered in St. Paul, MN. ",159.90,147.83 - 201.20,https://www.wsj.com/market-data/quotes/CL/XSGO/MMM/company-people
3i Group PLC,Germany, Frankfurt ," 3i Group Plc operates as a private equity and venture capital company. It operates through the following segments: Private Equity, Infrastructure, and Scandlines. The Private Equity segment involves in the investment and asset management to generate capital returns. The Infrastructure segment includes investing in economic infrastructure and greenfield projects in developed economies. The Scandlines segment involves in delivering long term capital returns. The company was founded in 1945 and is headquartered in London, the United Kingdom. ",14.00,13.20 - 17.80,https://www.wsj.com/market-data/quotes/DE/XFRA/IGQ5/company-people
3i Group PLC ADR,US, OTC," 3i Group Plc operates as a private equity and venture capital company. It operates through the following segments: Private Equity, Infrastructure, and Scandlines. The Private Equity segment involves in the investment and asset management to generate capital returns. The Infrastructure segment includes investing in economic infrastructure and greenfield projects in developed economies. The Scandlines segment involves in delivering long term capital returns. The company was founded in 1945 and is headquartered in London, the United Kingdom. ",8.08,7.477 - 10.189,https://www.wsj.com/market-data/quotes/TGOPY/company-people
3i Group PLC,US, OTC," 3i Group Plc operates as a private equity and venture capital company. It operates through the following segments: Private Equity, Infrastructure, and Scandlines. The Private Equity segment involves in the investment and asset management to generate capital returns. The Infrastructure segment includes investing in economic infrastructure and greenfield projects in developed economies. The Scandlines segment involves in delivering long term capital returns. The company was founded in 1945 and is headquartered in London, the United Kingdom. ",16.31,14.39 - 20.23,https://www.wsj.com/market-data/quotes/TGOPF/company-people
3M Co.,Mexico,," 3M Co. is a technology company, which manufactures industrial, safety, and consumer products. It operates through the following segments: Safety and Industrial, Transportation and Electronics, Health Care, and Consumer. The Safety and Industrial segment consists of personal safety, industrial adhesives and tapes, abrasives, closure and masking systems, electrical markets, automotive aftermarket, and roofing granules. The Transportation and Electronics segment consists of electronics, automotive and aerospace, commercial solutions, advanced materials, and transportation safety. The Health Care segment includes medical and surgical supplies, skin health and infection prevention products, oral care solutions, separation and purification sciences, health information systems, inhalation and transdermal drug delivery systems, and food safety products. The Consumer segment covers consumer healthcare, home care, home improvement, and stationery and office products, such as consumer bandages, braces, supports, respirators, cleaning products, retail abrasives, car care DIY products, picture hanging, and consumer air quality solutions. The company was founded by Henry S. Bryan, Hermon W. Cable, John Dwan, William A. McGonagle and J. Danley Budd in 1902 and is headquartered in St. Paul, MN. ","3,053.00","2,887.16 - 4,127.00",https://www.wsj.com/market-data/quotes/MX/XMEX/MMM/company-people
3i Group PLC,UK, London," 3i Group Plc operates as a private equity and venture capital company. It operates through the following segments: Private Equity, Infrastructure, and Scandlines. The Private Equity segment involves in the investment and asset management to generate capital returns. The Infrastructure segment includes investing in economic infrastructure and greenfield projects in developed economies. The Scandlines segment involves in delivering long term capital returns. The company was founded in 1945 and is headquartered in London, the United Kingdom. ","1,217.50","1,071.00 - 1,507.50",https://www.wsj.com/market-data/quotes/UK/XLON/III/company-people
3DX Industries Inc.,US, OTC," 3DX Industries, Inc. is a precision manufacturing company, which produces products using additive and subtractive manufacturing processes. It manufactures consumer and corporate products using an additive manufacturing method through 3D Metal printing technology and conventional precision manufacturing processes. The company was founded on October 23, 2008 and is headquartered in Ferndale, WA. ",0.09,0.051 - 0.332,https://www.wsj.com/market-data/quotes/DDDX/company-people
3DM Digital Manufacturing Ltd.,Israel, TelAviv," 3DM Digital Manufacturing Ltd. engages in research and development of laser-based printhead, designed for three-dimensional printing of products for the industrial market made of thermoplastic materials. The company was founded by Daniel Majer on August 24, 2016 and is headquartered in Rosh Ha'ayin, Israel. ",11.75,9.75 - 36.82,https://www.wsj.com/market-data/quotes/IL/XTAE/DM3/company-people
3D Resources Ltd.,Australia, Sydney,,0.003,0.002 - 0.006,https://www.wsj.com/market-data/quotes/AU/XASX/DDD/company-people
3D Systems Corp.,UK, London," 3D Systems Corp. is a holding company, which engages in the provision of comprehensive three-dimensional printing solutions. It offers a comprehensive range of 3D printers, materials, software, haptic design tools, 3D scanners, and virtual surgical simulators. The company was founded by Charles W. Hull in 1986 and is headquartered in Rock Hill, SC. ",15.22,14.45 - 41.32,https://www.wsj.com/market-data/quotes/UK/XLON/0QYH/company-people
3D Systems Corp.,US, NYSE," 3D Systems Corp. is a holding company, which engages in the provision of comprehensive three-dimensional printing solutions. It offers a comprehensive range of 3D printers, materials, software, haptic design tools, 3D scanners, and virtual surgical simulators. The company was founded by Charles W. Hull in 1986 and is headquartered in Rock Hill, SC. ",14.805,14.28 - 41.48,https://www.wsj.com/market-data/quotes/DDD/company-people
3D Metalforge Ltd.,Australia, Sydney," 3D Metalforge Ltd. operates as a holding company. The company was founded on October 1, 2020 and is headquartered in West Perth, Australia. ",0.054,0.048 - 0.25,https://www.wsj.com/market-data/quotes/AU/XASX/3MF/company-people
3D Oil Ltd.,Australia, Sydney," 3D Oil Ltd. engages in the exploration, development, and production of oil and gas properties. Its projects include VIC/P57 and VIC/P74 offshore Gippsland Basin in Victoria, T/49P offshore Otway Basin in Tasmania and WA-527-P in Western Australia. The company was founded by Noel Newell in July 2003 and is headquartered in Melbourne, Australia. ",0.059,0.045 - 0.072,https://www.wsj.com/market-data/quotes/AU/XASX/TDO/company-people
3-D Matrix Ltd.,JASDAQ,," 3-D Matrix Ltd. engages in the research, development, manufacture, and sale of medical products. It operates through the following business divisions: Medical Products Development & Sale, and Research Reagent Sales. The Medical Products Development & Sale division includes the surgery based on own organization's peptide technology, regenerative medicine, medical equipment, and pharmaceutical research & development. The Research Reagent Sales division includes the sale of research reagent applications. The company was founded by Shuguang Zhang on May 19, 2004 and is headquartered in Tokyo, Japan. ",346,241 - 643,https://www.wsj.com/market-data/quotes/JP/XJAS/7777/company-people
374Water Inc.,US, OTC," 374Water, Inc. is a clean technology company. It offers supercritical water oxidation (SWCO) waste processors. It caters to the municipal and industrial wastewater treatment plants, food waste, chemical plants, and army camps and emergency situations. The company was founded by Yaacov Nagar and Marc Deshusses on April 30, 2021 and is headquartered in Miami, FL. ",3.9875,0.31 - 6.68,https://www.wsj.com/market-data/quotes/SCWO/company-people
3Cnergy Ltd.,Singapore, SGX," 3Cnergy Ltd. is an investment holding company, which engages in the provision of real estate property development consultancy services. The firm offers architectural design, project financial feasibility assessment, engineering expertise, and construction management services. It operates through the Singapore and Malaysia geographical segments. The company was founded in 1980 and is headquartered in Singapore. ",0.015,0.011 - 0.021,https://www.wsj.com/market-data/quotes/SG/XSES/502/company-people
3D Global Biotech Inc.,Taipei Exchange,,,34.95,28.15 - 55.10,https://www.wsj.com/market-data/quotes/TW/ROCO/6808/company-people
37 Capital Inc.,Canadian Securities Exchange,," 37 Capital, Inc. engages in the acquisition, exploration, and development of natural resource properties. The company was founded on August 24, 1984 and is headquartered in Vancouver, Canada. ",0.12,0.12 - 0.78,https://www.wsj.com/market-data/quotes/CA/XCNQ/JJJ.X/company-people
36Kr Holdings Inc. ADR,US, Nasdaq," 36Kr Holdings, Inc. operates as an online media publisher offering new economy focused content. The firm offers business services, including online advertising services, enterprise value-added services and subscription services. The company was founded by Chengcheng Liu on December 3, 2018 is headquartered in Beijing, China. ",0.715,0.6617 - 4.1699,https://www.wsj.com/market-data/quotes/KRKR/company-people
361 Degrees International Ltd.,Hong Kong,," 361 Degrees International Ltd. is an investment holding company, which engages in the manufacturing and trading of sporting goods. It involves in the business of sportswear industry, which designs, manufactures and distributes branded sports footwear apparel and other related accessories for kids, men's and women's. The firm operates its business through two segments: Adults and Kids. The Adults segment engages in the manufacturing and trading of adults sporting goods . The Kids segment engages in the trading of kids sporting goods. It also involved in research and development. The company was founded in 2003 and is headquartered in Xiamen, China. ",3.31,1.96 - 4.88,https://www.wsj.com/market-data/quotes/HK/XHKG/1361/company-people
361 Degrees International Ltd.,US, OTC," 361 Degrees International Ltd. is an investment holding company, which engages in the manufacturing and trading of sporting goods. It involves in the business of sportswear industry, which designs, manufactures and distributes branded sports footwear apparel and other related accessories for kids, men's and women's. The firm operates its business through two segments: Adults and Kids. The Adults segment engages in the manufacturing and trading of adults sporting goods . The Kids segment engages in the trading of kids sporting goods. It also involved in research and development. The company was founded in 2003 and is headquartered in Xiamen, China. ",0.4819,0.255 - 0.5863,https://www.wsj.com/market-data/quotes/TSIOF/company-people
360 DigiTech Inc. ADR,US, Nasdaq," 360 Finance, Inc. is a holding company, which engages in the provision of digital consumer finance platform. It provides tailored online consumer finance products to prime, underserved borrowers funded primarily by its funding partners. The company proprietary technology platform supports full transaction lifecycle from credit application through settlement. 360 Finance was founded on July 25, 2016 and is headquartered in Shanghai, China. ",15.88,15.6652 - 45.00,https://www.wsj.com/market-data/quotes/QFIN/company-people
360 Security Technology Inc. A,China, Shanghai," 360 Security Technology, Inc. provides internet and mobile security products that protect users'' computers and mobile devices against malware and malicious websites. Its products includes antivirus software, web browser and mobile application stores. The company other activities includes: research & development of intelligent wearable products, intelligent home system, internet services such as search, live broadcast, games, movies, finance and news. 360 Security Technology was founded by Zhou Hong Yi and Qi Xiang Dong in June, 2005 and is headquartered in Beijing, China. ",10.63,10.00 - 14.66,https://www.wsj.com/market-data/quotes/CN/XSHG/601360/company-people
360 Ludashi Holdings Ltd.,Hong Kong,," 360 Ludashi Holdings Ltd. engages in the provision of online advertising services and online game business. It also focuses on the sale of smart accessories and certified pre-owned and factory smartphones. The company was founded on February 7, 2018 and is headquartered in Chengdu, China. ",1.44,1.36 - 3.45,https://www.wsj.com/market-data/quotes/HK/XHKG/3601/company-people
360 Capital Group,Australia, Sydney," 360 Capital Group operates as a real estate investment trust. The firm engages in the management of real estate assets. It operates through the following segments: Investment, Funds Management and Corporate. The Investment segment comprises of equity and debt investment in real estate including co-investment in managed funds, providing income through distributions and finance revenue and potential capital growth in equity values. The Funds Management segment utilizes the firm's management expertise to generate fee revenue through the creation and management of real estate funds. The company was founded in 1997 and is headquartered in Sydney, Australia. ",0.895,0.75 - 0.96,https://www.wsj.com/market-data/quotes/AU/XASX/TGP/company-people
333D Ltd.,Australia, Sydney," 333D Ltd. engages in the commercialisation of 3D printing capabilities. It also designs, engineers, and custom manufactures large-format industrial 3d printers. The company was founded on February 2, 2006 and is headquartered in Melbourne, Australia. ",0.002,0.001 - 0.005,https://www.wsj.com/market-data/quotes/AU/XASX/T3D/company-people
2seventy bio Inc.,US, Nasdaq,,12.43,11.47 - 64.00,https://www.wsj.com/market-data/quotes/TSVT/company-people
30DC Inc.,US, OTC," 30DC, Inc. is a holding company, which engages in the provision of mobile software solutions. The firm's principal product is MagCast Mobile Publishing Platform, which is used for the creation of mobile magazine apps and facilitates the monetization of digital content through advanced marketing functions. The company was founded by Edward Wells Dale in 2005 and is headquartered in Wheat Ridge, CO. ",0.02,0.0014 - 0.0675,https://www.wsj.com/market-data/quotes/TDCH/company-people
2S Metal PCL,Thailand, Bangkok ," 2S Metal Public Co. Ltd. is engaged in the manufacture and trading of steel products. It operates through the Trading; and Manufacture and Distribution segment. The Trading segment deals with procuring steel products such as galvanized steel pipe, equal angle, H beam, I beam, channel steel, checkered plate, HRC, cold round bar, steel pipe, light lip channel, and wire mesh. The Manufacture and Distribution segment manufactures and distributes formed steel products. The company was founded in May 29, 1992 and is headquartered in Songkhla, Thailand. ",6.15,4.48 - 7.25,https://www.wsj.com/market-data/quotes/TH/XBKK/2S/company-people
360 Capital REIT,Australia, Sydney," 360 Capital REIT operates as a closed-end investment fund/trust. It intends to provide total returns through disciplined investment in real estate opportunities. The company was founded on April 21, 2015 and is headquartered in Sydney, Australia. ",0.935,0.85 - 1.015,https://www.wsj.com/market-data/quotes/AU/XASX/TOT/company-people
2MX Organic S.A.,France, Euronext Paris,,9.78,9.61 - 10.49,https://www.wsj.com/market-data/quotes/FR/XPAR/2MX/company-people
2Go Group Inc.,Philippines, Manila," 2GO Group, Inc. engages in the provision of premier logistics services. The firm operates through the following segments: Shipping and Non-Shipping. The Shipping segment renders ocean-going transportation of passengers, rolling cargo and freight cargo. The Non-Shipping segment delivers logistics, sale of goods and supply chain management. Its brands include 2GO Travel, 2GO Freight, 2GO Express and 2GO Logistics. The company was founded on May 26, 1949 and is headquartered in Pasay City, Philippines. ",7.29,7.29 - 10.86,https://www.wsj.com/market-data/quotes/PH/XPHS/2GO/company-people
2G Energy AG,Germany, Xetra ," 2G Energy AG operates as a holding company, which engages in the manufacture of combined heat and power (CHP) plants for decentralized energy production and supply. It also plans and installs CHP systems and other systems for the recovery of electrical energy, and provision of after-sale services. The company was founded by Ludger Gausling and Christian Grotholt in 1995 and is headquartered in Heek, Germany. ",108.80,79.00 - 126.40,https://www.wsj.com/market-data/quotes/XE/XETR/2GB/company-people
2cureX AB,Sweden, Stockholm," 2cureX AB engages in the research and development of anti-cancer treatments. It offers IndiTreat, which is a tool that determines treatment methods on individual colorectal cancer patients. The company was founded by Ole Thastrup, Timm Jessen, and Grith Hagel in 2006 and is headquartered in Copenhagen, Denmark. ",14.00,12.04 - 26.50,https://www.wsj.com/market-data/quotes/SE/XSTO/2CUREX/company-people
2U Inc.,US, Nasdaq," 2U, Inc. engages in the provision of education technology for nonprofit colleges and universities. It operates through the following segments: Degree Program and Alternative Credential. The Degree Program segment provides technology and services to nonprofit colleges and universities to enable the online delivery of degree programs. The Alternative Credential segment provides premium online short courses and technical, skills-based boot camps through relationships with nonprofit colleges and universities. The company was founded by Christopher J. Paucek on April 2, 2008 and is headquartered in Lanham, MD. ",10.65,8.63 - 46.5199,https://www.wsj.com/market-data/quotes/TWOU/company-people
2CRSI S.A.,France, Euronext Paris," 2CRSI SA designs and manufactures computer servers. It also specializes in cooling solutions, information technology appliance, rugged, and embedded systems. The company was founded by Alain Wilmouth and Michel Wilmouth on September 20, 2005 and is headquartered in Strasbourg, France. ",3.42,2.61 - 6.17,https://www.wsj.com/market-data/quotes/FR/XPAR/2CRSI/company-people
29Metals Ltd.,Australia, Sydney," 29Metals Ltd. engages in the exploration and development of copper and base and precious metals resources. It also involves in the operation of mines that produce copper, zinc, gold, and silver in the form of mineral concentrates. It operates through the Golden Grove and Capricorn Copper segments. The Golden Grove segment comprises of Volcanic Hosted Massive Sulfide (VHMS) deposits and mining currently occurs at Gossan Hill and Scuddles mines. The Capricorn Copper segment utilizes a conventional processing flow sheet to produce a copper concentrate with silver by-product. The company was founded on May 27, 2021 and is headquartered in Melbourne, Australia. ",2.80,1.90 - 3.23,https://www.wsj.com/market-data/quotes/AU/XASX/29M/company-people
26 Capital Acquisition Corp.,US, Nasdaq," 26 Capital Acquisition Corp. operates as blank check company. It is a special purpose acquisition company which is incorporated for the purpose of effecting a merger, capital stock exchange, asset acquisition, stock purchase, reorganization or similar business combination with one or more businesses. The company was founded on August 24th, 2020 and is headquartered in Miami, FL. ",10.24,9.8601 - 10.41,https://www.wsj.com/market-data/quotes/ADERU/company-people
24SevenOffice Group AB,US, OTC,,1.30,1.30 - 3.25,https://www.wsj.com/market-data/quotes/TFSVF/company-people
23andMe Holding Co.,US, Nasdaq," 23andMe Holding Co. is consumer genetics and research company, which engages to help people access, understand, and benefit from the human genome. It provides direct access to genetic information with multiple Food and Drug Administration authorizations for genetic health risk reports. The firm’s research platform has generated publications on the genetic underpinnings of a range of diseases, conditions, and traits. The platform also powers the 23andMe therapeutics group, pursuing drug discovery programs rooted in human genetics across a spectrum of disease areas, including oncology, respiratory, and cardiovascular diseases, in addition to other therapeutic areas. The company was founded by Anne E. Wojcickiin 2006 and is headquartered in Sunnyvale, CA. ",4.09,3.61 - 13.68,https://www.wsj.com/market-data/quotes/ME/company-people
24SevenOffice Scandinavia AB,Spotlight Stock Market,," 24SevenOffice Group AB engages in the development and sale of software as a service (SaaS) solutions. The firm offers enterprise resource planning through cloud-based services to small and medium sized enterprises. Its solutions include project and time management, mobile, accounting, customer relationship management, reporting, integrations, and payroll. The company was founded on August 2, 2017 and is headquartered in Stockholm, Sweden. ",12.05,,https://www.wsj.com/market-data/quotes/SE/XSAT/247/company-people
22nd Century Group Inc.,US, Nasdaq," 22nd Century Group, Inc. is a biotechnology company, which develops disruptive plant-based solutions for life science, consumer product, and pharmaceutical markets. It focuses on technologies that alter the level of nicotine in tobacco plants and level of cannabinoids in hemp or cannabis plants through genetic engineering, gene-editing, and modern plant breeding techniques. The company was founded on September 12, 2005 and is headquartered in Buffalo, NY. ",2.315,1.86 - 6.07,https://www.wsj.com/market-data/quotes/XXII/company-people
21LADY Co. Ltd.,Nagoya Stock Exchange,," 21Lady Co., Ltd. operates a chain of retail stores. It operates through the following segments: Hirota, Illums and Others. The Hirota segment manufactures and sells confectioneries and ice creams. The Illums segment plans, develops, and sells furniture and interior products. The Others segment includes real estate leasing services. The company was founded by Michiko Fujii on March 7, 2000 and is headquartered in Tokyo, Japan. ",129,60 - 184,https://www.wsj.com/market-data/quotes/JP/XNGO/3346/company-people
20 Microns Ltd.,India, Bombay," 20 Microns Ltd. engages in the manufacture of micronized minerals. The firm operates through Industrial Micronized Minerals and Specialty Chemicals segment. Its products include ground calcium carbonate; dolomite; hydrous kaolins; calcined kaolins; talcs; natural barytes; buff colored; synthetic barium sulphate; matting agents; and flame retardants. The company was founded by Chandresh Shantilal Parikh and Bhanu Patel on June 29, 1987 and is headquartered in Vadodara, India. ",73.20,29.25 - 108.25,https://www.wsj.com/market-data/quotes/IN/XBOM/533022/company-people
2020 Bulkers Ltd.,Norway, Oslo," 2020 Bulkers Ltd. engages in the operation of dry bulk carriers. It also provides freight transportation services. The company was founded on September 26, 2017 and is headquartered in Hamiltom, Bermuda. ",125.50,,https://www.wsj.com/market-data/quotes/NO/XOSL/2020/company-people
1stdibs.com Inc.,US, Nasdaq," 1stdibs.com, Inc. operates as an online marketplace for home decorations, fashion, and interior design. Its business units include 1stdibs and Design Manager. It offers vintage, antique, and contemporary furniture, home décor, jewelry, watches, art, and fashion. The company was founded by Michael Bruno and Laurence Forcione in 2000 and is headquartered in New York, NY. ",7.93,6.4901 - 35.46,https://www.wsj.com/market-data/quotes/DIBS/company-people
1st NRG Corp.,US, OTC,,0.0001,0.00 - 0.0009,https://www.wsj.com/market-data/quotes/FNRC/company-people
1st Colonial Bancorp Inc.,US, OTC," 1st Colonial Bancorp, Inc. is a holding company, which engages in the provision of business and consumer financial services. It offers personal banking, business banking, residential lending, and loan application such as commercial loan, consumer loan, home equity term loan, home equity line of credit application, and mortgage application. The company was founded on June 30, 2000 and is headquartered in Cherry Hill, NJ. ",11.6399,9.0801 - 11.75,https://www.wsj.com/market-data/quotes/FCOB/company-people
1st Group Ltd.,Australia, Sydney," 1st Group Ltd. engages in the provision of online healthcare search and appointment booking services. It provides integrated platforms for search and appointment booking service and offers a range of value added apps and services that facilitate digital patient and customer engagement. The company was founded in April 2012 by Klaus M. Bartosch and is headquartered in Surry Hills, Australia. ",0.009,0.009 - 0.036,https://www.wsj.com/market-data/quotes/AU/XASX/1ST/company-people
1st Capital Bancorp,US, OTC," 1st Capital Bank engages in the provision of financial services. Its business is attracting checking, money market, savings, and certificate of deposit accounts through its branch facilities, courier service, remote branch deposit, and various electronic means, and investing such deposits and other available funds into loans, including real estate mortgages, commercial business loans, and construction loans. It also offers fee-based services, including an array of cash management services. The company was founded on December 12, 2006 and is headquartered in Salinas, CA. ",15.25,12.70 - 15.90,https://www.wsj.com/market-data/quotes/FISB/company-people
1Spatial PLC,UK, London," 1Spatial Plc engages in the provision of information technology software. It operates through the following segments: Geospatial, Cloud Services, and Central Costs. The Geospatial segment represents the core business of the group which has entities in the United Kingdom, Ireland, France, Belgium, Australia, and U.S. The Cloud Services segment includes the Enables information technology business. The Central Costs segment comprises of group accounting function and marketing. The company was founded on April 20, 2005 and is headquartered in Guildford, the United Kingdom. ",37.00,34.10 - 54.90,https://www.wsj.com/market-data/quotes/UK/XLON/SPA/company-people
1st Source Corp.,US, Nasdaq," 1st Source Corp. operates as a bank holding company for 1st Source Bank. It provides financial products and services through its subsidiaries. The bank offers commercial & consumer banking services, trust & investment management services and insurance to individuals and businesses. The firm provides commercial, small business, agricultural and real estate loans, including financing for industrial & commercial properties, financing for equipment, inventories & accounts receivables and acquisition financing. It also provides trust, investment, agency and custodial services for individual, corporate and not-for-profit clients. The company was founded in 1971 and is headquartered in South Bend, IN. ",48.10,41.19 - 52.695,https://www.wsj.com/market-data/quotes/SRCE/company-people
1955 Inversiones S.A.,Spain, Madrid ,,10.674,10.30 - 12.00,https://www.wsj.com/market-data/quotes/ES/MABX/S0009/company-people
1933 Industries Inc.,US, OTC," 1933 Industries, Inc. is a vertically integrated cannabis company, which engages in the cultivation and production of medical marijuana. It operates through the following business segments: Medical, Recreational, and CBD-Infused Products. The Medical and Recreational business segments comprises of the operation, cultivation, production, and distribution of medical marijuana. The CBD-Infused Products segment covers the operations, design, and production of CBD-infused products. The company was founded on January 29, 2008 and is headquartered in Vancouver, Canada. ",0.0353,0.027 - 0.1035,https://www.wsj.com/market-data/quotes/TGIFF/company-people
1957 & Co. Hospitality Ltd.,Hong Kong,," 1957 & Co. (Hospitality) Ltd. is a holding company. It operates through the Operation of Restaurants; and Catering Management and Consultancy Services. The company was founded by Chi Tien Leung, Wing Kuen Kwan, and Chi Po Kwok on February 3, 2016 and is headquartered in Hong Kong. ",0.34,0.174 - 0.53,https://www.wsj.com/market-data/quotes/HK/XHKG/8495/company-people
1Life Healthcare Inc.,US, Nasdaq," 1Life Healthcare, Inc. engages in the provision of healthcare membership services. It offers walk-in immunizations and lab services, behavioral health, women's health, men’s health, LGBTQ+ care, pediatrics, sports medicine, lifestyle, and wellbeing programs. The company was founded by Thomas H. Lee on July 25, 2002 and is headquartered in San Francisco, CA. ",9.22,7.64 - 45.63,https://www.wsj.com/market-data/quotes/ONEM/company-people
1pm Industries Inc.,US, OTC," 1PM Industries, Inc. engages in the provision of consulting services to a wide variety of companies. It targets companies that are in the start-up phase of their operations, and intends to assist the companies by incubating them and then merging the company into a public company through a reverse merger. The company was founded on March 26, 1990 and is headquartered in Las Vegas, NV. ",0.00,0.00 - 0.0004,https://www.wsj.com/market-data/quotes/OPMZ/company-people
1933 Industries Inc.,Canadian Securities Exchange,," 1933 Industries, Inc. is a vertically integrated cannabis company, which engages in the cultivation and production of medical marijuana. It operates through the following business segments: Medical, Recreational, and CBD-Infused Products. The Medical and Recreational business segments comprises of the operation, cultivation, production, and distribution of medical marijuana. The CBD-Infused Products segment covers the operations, design, and production of CBD-infused products. The company was founded on January 29, 2008 and is headquartered in Vancouver, Canada. ",0.04,0.04 - 0.12,https://www.wsj.com/market-data/quotes/CA/XCNQ/TGIF/company-people
1911 Gold Corp.,Canada, TSX Venture," 1911 Gold Corp. engages in the acquisition, exploration, development, and extraction of precious metals. Its asset portfolio includes True North Complex, Rice Lake Exploration Properties, Timmins Exploration Properties, and Apex Exploration Property. The company was founded on May 3, 2018 and is headquartered in Vancouver, Canada. ",0.39,0.26 - 0.72,https://www.wsj.com/market-data/quotes/CA/XTSX/AUMB/company-people
1911 Gold Corp.,US, OTC," 1911 Gold Corp. engages in the acquisition, exploration, development, and extraction of precious metals. Its asset portfolio includes True North Complex, Rice Lake Exploration Properties, Timmins Exploration Properties, and Apex Exploration Property. The company was founded on May 3, 2018 and is headquartered in Vancouver, Canada. ",0.3003,0.205 - 0.59,https://www.wsj.com/market-data/quotes/AUMBF/company-people
1847 Goedeker Inc. Wt,US, NYSE American," 1847 Goedeker, Inc. operates as an online retailer. It provides home furnishings, including appliances, furniture, home goods, and related products. The company was founded in 1951 and is headquartered in Ballwin, MO. ",0.58,0.31 - 2.50,https://www.wsj.com/market-data/quotes/GOED.WT/company-people
1867 Western Financial Corp.,US, OTC,,"8,000.00","7,500.00 - 9,450.00",https://www.wsj.com/market-data/quotes/WFCL/company-people
1895 Bancorp of Wisconsin Inc.,US, Nasdaq," 1895 Bancorp of Wisconsin, Inc. is a holding company, which engages in the provision of banking and financial services through its subsidiary PyraMax Bank. It primarily offers residential and commercial real estate loans, commercial loans, and consumer loans. The company was founded on January 8, 2019 and is headquartered in Greenfield, WI. ",11.48,10.50 - 12.1477,https://www.wsj.com/market-data/quotes/BCOW/company-people
1847 Goedeker Inc.,US, NYSE American," 1847 Goedeker, Inc. operates as an online retailer. It provides home furnishings, including appliances, furniture, home goods, and related products. The company was founded in 1951 and is headquartered in Ballwin, MO. ",1.56,1.54 - 16.82,https://www.wsj.com/market-data/quotes/GOED/company-people
1844 Resources Inc.,Canada, TSX Venture," 1844 Resources, Inc. is an exploration company. It engages in the identification, exploration, and development of mineral properties. The firm's projects include Vortex, Davidson, Native Copper, Port Daniel, and Lac Arsenault. The company was founded on May 31, 2006 and is headquartered in Saskatoon, Canada. ",0.08,0.05 - 0.11,https://www.wsj.com/market-data/quotes/CA/XTSX/EFF/company-people
1834 Investments Ltd.,Jamaica Stock Exchange,," 1834 Investments Ltd. is an investment holding company, which engages in the management of real estate. The company was founded by Jacob and Joshua deCordova in 1834 and is headquartered in Kingston, Jamaica. ",0.87,0.66 - 1.14,https://www.wsj.com/market-data/quotes/JM/XJAM/1834/company-people
1812 Brewing Co. Inc.,US, OTC," 1812 Brewing Co., Inc. is a venture capital and investment company that engages in the provision of capital for growth, expansion and restructuring. It seeks investment opportunities in different industries, including retail, consumer products, restaurants, real estate, media, business services and manufacturing. The company was founded on June 12, 1989 and is headquartered in Watertown, NY. ",0.0029,0.0025 - 0.0348,https://www.wsj.com/market-data/quotes/KEGS/company-people
1847 Holdings LLC,US, OTC," 1847 Holdings LLC engages in the acquisition and management of small businesses in different industries. It operates through the following segments: Land Management Services and Retail and Appliances. The Land Management Services segment consists of an established business specializing in providing land application services and selling equipment and parts. The Retail and Appliances segment consists of retail store and e-commerce destination for home furnishings, including appliances, furniture, bath and fixtures, décor, lighting and home goods. The company was founded by Ellery W. Roberts on January 22, 2013 and is headquartered in New York, NY. ",1.68,1.23 - 3.95,https://www.wsj.com/market-data/quotes/EFSH/company-people
180 Life Sciences Corp. Wt,US, Nasdaq," 180 Life Sciences Corp. develops pharmaceuticals for chronic pain and inflammatory diseases. It operates as a clinical-stage biotechnology company focused on the development of novel drugs that fulfil unmet needs in inflammatory diseases, fibrosis and pain by leveraging the combined expertise of luminaries in therapeutics from Oxford University, the Hebrew University and Stanford University. The company was founded on September 7, 2016 and is headquartered in Palo Alto, CA. ",0.61,0.34 - 2.97,https://www.wsj.com/market-data/quotes/ATNFW/company-people
180 Life Sciences Corp.,US, Nasdaq," 180 Life Sciences Corp. develops pharmaceuticals for chronic pain and inflammatory diseases. It operates as a clinical-stage biotechnology company focused on the development of novel drugs that fulfil unmet needs in inflammatory diseases, fibrosis and pain by leveraging the combined expertise of luminaries in therapeutics from Oxford University, the Hebrew University and Stanford University. The company was founded on September 7, 2016 and is headquartered in Palo Alto, CA. ",2.99,2.25 - 13.0453,https://www.wsj.com/market-data/quotes/ATNF/company-people
1-800-FLOWERS.COM Inc. Cl A,US, Nasdaq," 1-800-FLOWERS.COM, Inc. retails floral products and gifts on-line. The company’s e-commerce business platform features an all-star family of brands, including 1-800-Flowers.com, 1-800-Baskets.com, Cheryl’s Cookies, Harry & David, PersonalizationMall.com, Shari’s Berries, FruitBouquets.com, Moose Munch, The Popcorn Factory, Wolferman’s Bakery, Stock Yards, and Simply Chocolate. The firm also operates BloomNet, an international floral and gift industry service provider offering a broad range of products and services designed to help members grow their businesses profitably, Napco, a resource for floral gifts and seasonal décor, and DesignPac Gifts LLC, a manufacturer of gift baskets and towers. The company was founded by James F. McCann in 1976 and is headquartered in Jericho, NY. ",13.995,13.16 - 38.66,https://www.wsj.com/market-data/quotes/FLWS/company-people
17 Education & Technology Group Inc. ADR,US, Nasdaq," 17 Education & Technology Group, Inc. provides education technology solutions. Its in-school plus after-school integrated model delivers data-driven teaching, learning and assessment products to teachers, students and parents. The firm offers online K-12 large-class after-school tutoring services that complement students' in-school learning. The company was founded by Jia Wei Gan and Bing Yuan on October 30, 2012 and is headquartered Beijing, China. ",2.20,0.8802 - 46.52,https://www.wsj.com/market-data/quotes/YQ/company-people
1369 Construction JSC,Hanoi Stock Exchange,," 1369 Construction JSC engages in the stone mining and construction industry. Its activities include building constructor; architectural and engineering consulting; mining, processing, and sale of minerals; goods transportation; and trading of construction and mining machineries. The company was founded on August 15, 2003 and is headquartered in Hai Duong, Vietnam. ","16,500","8,200 - 22,600",https://www.wsj.com/market-data/quotes/VN/HSTC/C69/company-people
1414 Degrees Ltd.,Australia, Sydney," 1414 Degrees Ltd. engages in the development, design, and manufacture of thermal energy storage systems. It offers Thermal Energy Storage System (TESS), which takes electricity from grid or renewables, and stores as latent heat in molten silicon. The company was founded on August 11, 2009 and is headquartered in Mitcham, Australia. ",0.10,0.088 - 0.23,https://www.wsj.com/market-data/quotes/AU/XASX/14D/company-people
180 Degree Capital Corp.,US, Nasdaq," 180 Degree Capital Corp. invests in companies located in the United states. The fund focuses on companies operating in the fields of interdisciplinary life sciences companies such as electronics, physics, materials science, chemistry, information technology, engineering and mathematics. It provides financing for seed, early and later stage capital requirements. It makes Co-Investments and takes board sit. ",6.72,6.6635 - 8.64,https://www.wsj.com/market-data/quotes/TURN/company-people
138 Student Living Jamaica Ltd.,Jamaica Stock Exchange,," 138 Student Living Jamaica Ltd. engages in the construction and lease of living facilities for students at the University of the West Indies, Mona Campus. The company was founded on August 15, 2014 and is headquartered in Kingston, Jamaica. ",5.25,3.11 - 9.50,https://www.wsj.com/market-data/quotes/JM/XJAM/138SL/company-people
1&1 AG,UK, London," 1&1 AG provides telecommunication services. Its services include postpaid and prepaid, as well as landline and DSL products and related applications such as home networking, online storage, telephony, video on demand, and other. The firm operates through the following brands: 1&1, yourfone, smartmobil.de, maXXim, simply, helloMobil, McSIM, Phonex, sim.de, eteleon, discoTEL, discoPLUS, discoSURF, DeutschlandSIM, winSIM, PremiumSIM, M2M-Mobil, and GTCom. It operates through the following segments: Access, 5G, and Miscellaneous. The Access segment consists of wireless access and landline products, including the related applications such as home networks, online storage, telephony, video on demand or IPTV. The 5G segment consists of expenses and income relating to the preparation and conduct of the 5G frequency auction. The Miscellaneous segment comprises essentially all the activities related to the offering of custom software solutions and of maintenance and support services. The company was founded in 1997 and is headquartered in Maintal, Germany. ",20.90,19.75 - 27.88,https://www.wsj.com/market-data/quotes/UK/XLON/0E6Y/company-people
1 Production Film Co.,Taipei Exchange,," 1 Production Film Co. engages in the production of movies and television shows. The company produced television programs such as I Won't Cry, I'm Here To Sing, See Heaven, and Precarious Bamboo. It also produced movies such as Letter To The Future and How are you? I'm Fine. The company was founded on August 9, 2007 and is headquartered in Taipei, Taiwan. ",25.65,20.36 - 35.66,https://www.wsj.com/market-data/quotes/TW/ROCO/8458/company-people
01 Communique Laboratory Inc.,US, OTC," 01 Communique Laboratory, Inc. develops and markets remote access solutions. It focuses on post-quantum cybersecurity with the development of its IronCAP technology. The firm's solutions consist of IronCAP, IronCAP X, I'm InTouch, and I'm OnCall product lines, which provide users with the ability to conduct online meetings. The company was founded on October 7, 1992 and is headquartered in Toronto, Canada. ",0.1826,0.146 - 0.349,https://www.wsj.com/market-data/quotes/OONEF/company-people
1000mercis,France, Euronext Paris," 1000mercis SA engages in the provision of interactive advertising and marketing solutions. It operates through the following segments: Interactive Advertising, Mobile Marketing and Interactive Marketing. The Interactive Advertising segment aims to accompany the advertisers in their strategy to acquire new clients and provide them a targeted audience for their advertisements. The Mobile Marketing segment includes mobile Internet, applications, and text message campaigns. The Interactive Marketing segment targets to accompany the firm's advertisers in their strategy in keeping their clients loyal and in the operation of database. The company was founded by Yseulys Costes and Thibaut Munier on February 23, 2000 and is headquartered in Paris, France. ",23.30,17.40 - 25.20,https://www.wsj.com/market-data/quotes/FR/XPAR/ALMIL/company-people
01Cyberaton Proenergy S.A.,Poland, Warsaw," 01Cyberaton Proenergy SA engages in the production of solar power installations. Its offer includes design, implementation, and servicing of photovoltaic powerplants. The company was founded on October 16, 2007 and is headquartered in Warsaw, Poland. ",3.88,2.82 - 8.40,https://www.wsj.com/market-data/quotes/PL/XWAR/01C/company-people
1&1 AG,Germany, Xetra ," 1&1 AG provides telecommunication services. Its services include postpaid and prepaid, as well as landline and DSL products and related applications such as home networking, online storage, telephony, video on demand, and other. The firm operates through the following brands: 1&1, yourfone, smartmobil.de, maXXim, simply, helloMobil, McSIM, Phonex, sim.de, eteleon, discoTEL, discoPLUS, discoSURF, DeutschlandSIM, winSIM, PremiumSIM, M2M-Mobil, and GTCom. It operates through the following segments: Access, 5G, and Miscellaneous. The Access segment consists of wireless access and landline products, including the related applications such as home networks, online storage, telephony, video on demand or IPTV. The 5G segment consists of expenses and income relating to the preparation and conduct of the 5G frequency auction. The Miscellaneous segment comprises essentially all the activities related to the offering of custom software solutions and of maintenance and support services. The company was founded in 1997 and is headquartered in Maintal, Germany. ",21.02,19.52 - 27.86,https://www.wsj.com/market-data/quotes/XE/XETR/1U1/company-people
